Dia;Nome da campanha;Nome do anúncio;Valor usado (BRL);Impressões;Alcance;Cliques no link;Adições ao carrinho;Finalizações de compra iniciadas;Compras;Valor de conversão de compras
2026-07-23;[PROSPECÇÃO] Mulheres 25-44 · interesses skincare;Vídeo depoimento 30s;48,55;1758;1329;26;2;2;1;259,80
2026-07-23;[PROSPECÇÃO] Mulheres 25-44 · interesses skincare;Carrossel antes e depois;32,45;1181;865;13;1;0;0;0,00
2026-07-23;[PROSPECÇÃO] Mulheres 25-44 · interesses skincare;Imagem oferta 31% off;29,86;1018;740;21;2;2;0;0,00
2026-07-23;[REMARKETING] Visitou o site nos últimos 30 dias;Vídeo como usar;21,74;486;157;7;3;3;3;519,60
2026-07-23;[REMARKETING] Visitou o site nos últimos 30 dias;Imagem última chance;15,88;372;119;5;1;1;1;129,90
2026-07-24;[PROSPECÇÃO] Mulheres 25-44 · interesses skincare;Vídeo depoimento 30s;46,83;1679;1143;29;2;1;1;259,80
2026-07-24;[PROSPECÇÃO] Mulheres 25-44 · interesses skincare;Carrossel antes e depois;36,85;1198;801;10;2;1;1;259,80
2026-07-24;[PROSPECÇÃO] Mulheres 25-44 · interesses skincare;Imagem oferta 31% off;28,87;1040;799;29;2;1;1;259,80
2026-07-24;[REMARKETING] Visitou o site nos últimos 30 dias;Vídeo como usar;23,01;488;148;8;2;1;1;129,90
2026-07-24;[REMARKETING] Visitou o site nos últimos 30 dias;Imagem última chance;14,74;303;91;4;0;0;0;0,00
2026-07-25;[PROSPECÇÃO] Mulheres 25-44 · interesses skincare;Vídeo depoimento 30s;59,96;2030;1489;37;4;4;4;779,40
2026-07-25;[PROSPECÇÃO] Mulheres 25-44 · interesses skincare;Carrossel antes e depois;36,88;1125;759;15;1;0;0;0,00
2026-07-25;[PROSPECÇÃO] Mulheres 25-44 · interesses skincare;Imagem oferta 31% off;32,37;1010;705;31;1;0;0;0,00
2026-07-25;[REMARKETING] Visitou o site nos últimos 30 dias;Vídeo como usar;25,55;591;170;18;3;2;2;259,80
2026-07-25;[REMARKETING] Visitou o site nos últimos 30 dias;Imagem última chance;15,50;337;112;1;0;0;0;0,00
2026-07-26;[PROSPECÇÃO] Mulheres 25-44 · interesses skincare;Vídeo depoimento 30s;48,42;1519;1035;22;5;5;4;649,50
2026-07-26;[PROSPECÇÃO] Mulheres 25-44 · interesses skincare;Carrossel antes e depois;38,60;1428;945;15;0;0;0;0,00
2026-07-26;[PROSPECÇÃO] Mulheres 25-44 · interesses skincare;Imagem oferta 31% off;32,99;1091;788;36;2;1;1;259,80
2026-07-26;[REMARKETING] Visitou o site nos últimos 30 dias;Vídeo como usar;23,62;529;152;7;3;3;3;389,70
2026-07-26;[REMARKETING] Visitou o site nos últimos 30 dias;Imagem última chance;18,47;395;130;6;3;2;2;389,70
2026-07-27;[PROSPECÇÃO] Mulheres 25-44 · interesses skincare;Vídeo depoimento 30s;52,56;1914;1349;26;3;2;2;259,80
2026-07-27;[PROSPECÇÃO] Mulheres 25-44 · interesses skincare;Carrossel antes e depois;39,56;1414;958;9;0;0;0;0,00
2026-07-27;[PROSPECÇÃO] Mulheres 25-44 · interesses skincare;Imagem oferta 31% off;35,61;1261;969;35;1;0;0;0,00
2026-07-27;[REMARKETING] Visitou o site nos últimos 30 dias;Vídeo como usar;21,60;463;140;9;2;2;1;129,90
2026-07-27;[REMARKETING] Visitou o site nos últimos 30 dias;Imagem última chance;14,54;329;98;3;0;0;0;0,00
2026-07-28;[PROSPECÇÃO] Mulheres 25-44 · interesses skincare;Vídeo depoimento 30s;61,29;2023;1507;27;8;3;1;129,90
2026-07-28;[PROSPECÇÃO] Mulheres 25-44 · interesses skincare;Carrossel antes e depois;31,23;946;715;13;0;0;0;0,00
2026-07-28;[PROSPECÇÃO] Mulheres 25-44 · interesses skincare;Imagem oferta 31% off;28,30;953;625;37;1;0;0;0,00
2026-07-28;[REMARKETING] Visitou o site nos últimos 30 dias;Vídeo como usar;25,00;514;168;8;1;1;1;259,80
2026-07-28;[REMARKETING] Visitou o site nos últimos 30 dias;Imagem última chance;17,03;363;117;7;2;1;1;129,90
2026-07-29;[PROSPECÇÃO] Mulheres 25-44 · interesses skincare;Vídeo depoimento 30s;65,04;2096;1448;29;3;2;1;129,90
2026-07-29;[PROSPECÇÃO] Mulheres 25-44 · interesses skincare;Carrossel antes e depois;33,13;1060;743;11;2;2;1;259,80
2026-07-29;[PROSPECÇÃO] Mulheres 25-44 · interesses skincare;Imagem oferta 31% off;32,05;1079;856;24;3;2;1;129,90
2026-07-29;[REMARKETING] Visitou o site nos últimos 30 dias;Vídeo como usar;22,78;477;136;13;1;0;0;0,00
2026-07-29;[REMARKETING] Visitou o site nos últimos 30 dias;Imagem última chance;15,62;340;100;7;1;1;0;0,00
2026-07-30;[PROSPECÇÃO] Mulheres 25-44 · interesses skincare;Vídeo depoimento 30s;56,09;1860;1267;30;4;2;1;259,80
2026-07-30;[PROSPECÇÃO] Mulheres 25-44 · interesses skincare;Carrossel antes e depois;37,65;1187;803;16;3;0;0;0,00
2026-07-30;[PROSPECÇÃO] Mulheres 25-44 · interesses skincare;Imagem oferta 31% off;31,74;1030;812;25;2;0;0;0,00
2026-07-30;[REMARKETING] Visitou o site nos últimos 30 dias;Vídeo como usar;26,57;550;161;12;4;0;0;0,00
2026-07-30;[REMARKETING] Visitou o site nos últimos 30 dias;Imagem última chance;15,08;306;98;3;0;0;0;0,00
2026-07-31;[PROSPECÇÃO] Mulheres 25-44 · interesses skincare;Vídeo depoimento 30s;55,12;1793;1210;29;2;1;1;129,90
2026-07-31;[PROSPECÇÃO] Mulheres 25-44 · interesses skincare;Carrossel antes e depois;40,32;1316;921;19;1;1;1;129,90
2026-07-31;[PROSPECÇÃO] Mulheres 25-44 · interesses skincare;Imagem oferta 31% off;30,91;1046;706;30;2;2;1;129,90
2026-07-31;[REMARKETING] Visitou o site nos últimos 30 dias;Vídeo como usar;22,49;515;154;10;2;1;1;259,80
2026-07-31;[REMARKETING] Visitou o site nos últimos 30 dias;Imagem última chance;18,25;428;131;2;1;0;0;0,00
2026-08-01;[PROSPECÇÃO] Mulheres 25-44 · interesses skincare;Vídeo depoimento 30s;55,12;1806;1248;29;1;0;0;0,00
2026-08-01;[PROSPECÇÃO] Mulheres 25-44 · interesses skincare;Carrossel antes e depois;33,70;1159;810;12;1;0;0;0,00
2026-08-01;[PROSPECÇÃO] Mulheres 25-44 · interesses skincare;Imagem oferta 31% off;33,63;1168;878;26;0;0;0;0,00
2026-08-01;[REMARKETING] Visitou o site nos últimos 30 dias;Vídeo como usar;24,90;610;182;11;4;3;2;259,80
2026-08-01;[REMARKETING] Visitou o site nos últimos 30 dias;Imagem última chance;16,95;400;127;7;0;0;0;0,00
2026-08-02;[PROSPECÇÃO] Mulheres 25-44 · interesses skincare;Vídeo depoimento 30s;55,61;1786;1255;20;3;3;3;389,70
2026-08-02;[PROSPECÇÃO] Mulheres 25-44 · interesses skincare;Carrossel antes e depois;39,88;1386;1015;22;2;0;0;0,00
2026-08-02;[PROSPECÇÃO] Mulheres 25-44 · interesses skincare;Imagem oferta 31% off;31,32;1109;800;36;3;2;1;129,90
2026-08-02;[REMARKETING] Visitou o site nos últimos 30 dias;Vídeo como usar;22,55;477;145;11;3;1;1;129,90
2026-08-02;[REMARKETING] Visitou o site nos últimos 30 dias;Imagem última chance;15,36;322;105;3;1;0;0;0,00
2026-08-03;[PROSPECÇÃO] Mulheres 25-44 · interesses skincare;Vídeo depoimento 30s;54,13;1858;1236;35;2;0;0;0,00
2026-08-03;[PROSPECÇÃO] Mulheres 25-44 · interesses skincare;Carrossel antes e depois;41,45;1403;1061;12;1;1;1;129,90
2026-08-03;[PROSPECÇÃO] Mulheres 25-44 · interesses skincare;Imagem oferta 31% off;27,54;842;595;17;1;0;0;0,00
2026-08-03;[REMARKETING] Visitou o site nos últimos 30 dias;Vídeo como usar;24,93;567;185;9;4;1;1;259,80
2026-08-03;[REMARKETING] Visitou o site nos últimos 30 dias;Imagem última chance;16,14;346;102;7;0;0;0;0,00
2026-08-04;[PROSPECÇÃO] Mulheres 25-44 · interesses skincare;Vídeo depoimento 30s;55,29;1897;1257;35;4;4;3;389,70
2026-08-04;[PROSPECÇÃO] Mulheres 25-44 · interesses skincare;Carrossel antes e depois;40,81;1339;929;15;2;0;0;0,00
2026-08-04;[PROSPECÇÃO] Mulheres 25-44 · interesses skincare;Imagem oferta 31% off;29,91;989;657;20;0;0;0;0,00
2026-08-04;[REMARKETING] Visitou o site nos últimos 30 dias;Vídeo como usar;23,79;587;187;13;3;2;1;259,80
2026-08-04;[REMARKETING] Visitou o site nos últimos 30 dias;Imagem última chance;16,72;380;130;5;2;1;1;129,90
2026-08-05;[PROSPECÇÃO] Mulheres 25-44 · interesses skincare;Vídeo depoimento 30s;51,98;1792;1187;23;1;0;0;0,00
2026-08-05;[PROSPECÇÃO] Mulheres 25-44 · interesses skincare;Carrossel antes e depois;31,87;1163;809;10;0;0;0;0,00
2026-08-05;[PROSPECÇÃO] Mulheres 25-44 · interesses skincare;Imagem oferta 31% off;25,71;803;575;17;1;0;0;0,00
2026-08-05;[REMARKETING] Visitou o site nos últimos 30 dias;Vídeo como usar;21,55;468;148;12;5;3;3;389,70
2026-08-05;[REMARKETING] Visitou o site nos últimos 30 dias;Imagem última chance;15,96;325;101;1;0;0;0;0,00
2026-08-06;[PROSPECÇÃO] Mulheres 25-44 · interesses skincare;Vídeo depoimento 30s;56,46;1793;1297;25;4;3;3;519,60
2026-08-06;[PROSPECÇÃO] Mulheres 25-44 · interesses skincare;Carrossel antes e depois;34,22;1054;705;14;1;1;1;389,70
2026-08-06;[PROSPECÇÃO] Mulheres 25-44 · interesses skincare;Imagem oferta 31% off;24,81;886;649;24;0;0;0;0,00
2026-08-06;[REMARKETING] Visitou o site nos últimos 30 dias;Vídeo como usar;22,59;491;149;5;2;2;2;259,80
2026-08-06;[REMARKETING] Visitou o site nos últimos 30 dias;Imagem última chance;16,19;385;109;7;0;0;0;0,00
2026-08-07;[PROSPECÇÃO] Mulheres 25-44 · interesses skincare;Vídeo depoimento 30s;48,03;1499;983;20;0;0;0;0,00
2026-08-07;[PROSPECÇÃO] Mulheres 25-44 · interesses skincare;Carrossel antes e depois;36,48;1146;844;13;1;1;1;129,90
2026-08-07;[PROSPECÇÃO] Mulheres 25-44 · interesses skincare;Imagem oferta 31% off;34,86;1229;860;37;3;0;0;0,00
2026-08-07;[REMARKETING] Visitou o site nos últimos 30 dias;Vídeo como usar;27,05;658;209;9;2;0;0;0,00
2026-08-07;[REMARKETING] Visitou o site nos últimos 30 dias;Imagem última chance;16,55;361;116;5;0;0;0;0,00
2026-08-08;[PROSPECÇÃO] Mulheres 25-44 · interesses skincare;Vídeo depoimento 30s;54,72;1810;1310;35;5;3;1;259,80
2026-08-08;[PROSPECÇÃO] Mulheres 25-44 · interesses skincare;Carrossel antes e depois;33,69;1219;793;17;4;4;2;389,70
2026-08-08;[PROSPECÇÃO] Mulheres 25-44 · interesses skincare;Imagem oferta 31% off;29,53;955;717;26;1;0;0;0,00
2026-08-08;[REMARKETING] Visitou o site nos últimos 30 dias;Vídeo como usar;22,06;451;140;12;0;0;0;0,00
2026-08-08;[REMARKETING] Visitou o site nos últimos 30 dias;Imagem última chance;14,46;336;101;9;2;1;1;259,80
2026-08-09;[PROSPECÇÃO] Mulheres 25-44 · interesses skincare;Vídeo depoimento 30s;57,67;2003;1377;38;5;2;2;259,80
2026-08-09;[PROSPECÇÃO] Mulheres 25-44 · interesses skincare;Carrossel antes e depois;43,69;1524;1075;17;0;0;0;0,00
2026-08-09;[PROSPECÇÃO] Mulheres 25-44 · interesses skincare;Imagem oferta 31% off;30,18;1090;737;30;1;1;0;0,00
2026-08-09;[REMARKETING] Visitou o site nos últimos 30 dias;Vídeo como usar;25,12;605;196;12;2;1;1;129,90
2026-08-09;[REMARKETING] Visitou o site nos últimos 30 dias;Imagem última chance;16,16;332;106;6;2;2;2;259,80
2026-08-10;[PROSPECÇÃO] Mulheres 25-44 · interesses skincare;Vídeo depoimento 30s;54,84;1746;1166;35;2;1;1;129,90
2026-08-10;[PROSPECÇÃO] Mulheres 25-44 · interesses skincare;Carrossel antes e depois;37,34;1312;918;18;4;3;1;129,90
2026-08-10;[PROSPECÇÃO] Mulheres 25-44 · interesses skincare;Imagem oferta 31% off;35,28;1185;788;21;2;1;0;0,00
2026-08-10;[REMARKETING] Visitou o site nos últimos 30 dias;Vídeo como usar;21,38;453;137;9;1;0;0;0,00
2026-08-10;[REMARKETING] Visitou o site nos últimos 30 dias;Imagem última chance;15,53;343;109;3;0;0;0;0,00
2026-08-11;[PROSPECÇÃO] Mulheres 25-44 · interesses skincare;Vídeo depoimento 30s;59,24;1839;1263;26;1;0;0;0,00
2026-08-11;[PROSPECÇÃO] Mulheres 25-44 · interesses skincare;Carrossel antes e depois;33,33;1065;758;8;1;1;1;129,90
2026-08-11;[PROSPECÇÃO] Mulheres 25-44 · interesses skincare;Imagem oferta 31% off;25,48;805;561;21;2;1;1;129,90
2026-08-11;[REMARKETING] Visitou o site nos últimos 30 dias;Vídeo como usar;23,95;508;144;8;4;4;3;779,40
2026-08-11;[REMARKETING] Visitou o site nos últimos 30 dias;Imagem última chance;15,70;328;97;1;0;0;0;0,00
2026-08-12;[PROSPECÇÃO] Mulheres 25-44 · interesses skincare;Vídeo depoimento 30s;63,14;2032;1483;23;0;0;0;0,00
2026-08-12;[PROSPECÇÃO] Mulheres 25-44 · interesses skincare;Carrossel antes e depois;36,53;1165;806;12;1;0;0;0,00
2026-08-12;[PROSPECÇÃO] Mulheres 25-44 · interesses skincare;Imagem oferta 31% off;31,71;965;662;24;3;2;1;129,90
2026-08-12;[REMARKETING] Visitou o site nos últimos 30 dias;Vídeo como usar;27,09;566;160;7;3;3;2;259,80
2026-08-12;[REMARKETING] Visitou o site nos últimos 30 dias;Imagem última chance;14,68;317;106;2;1;1;1;129,90
2026-08-13;[PROSPECÇÃO] Mulheres 25-44 · interesses skincare;Vídeo depoimento 30s;49,49;1540;1020;22;2;2;2;389,70
2026-08-13;[PROSPECÇÃO] Mulheres 25-44 · interesses skincare;Carrossel antes e depois;36,95;1141;779;12;1;0;0;0,00
2026-08-13;[PROSPECÇÃO] Mulheres 25-44 · interesses skincare;Imagem oferta 31% off;32,79;1157;835;22;2;1;0;0,00
2026-08-13;[REMARKETING] Visitou o site nos últimos 30 dias;Vídeo como usar;21,76;461;159;14;0;0;0;0,00
2026-08-13;[REMARKETING] Visitou o site nos últimos 30 dias;Imagem última chance;15,40;373;127;3;0;0;0;0,00
2026-08-14;[PROSPECÇÃO] Mulheres 25-44 · interesses skincare;Vídeo depoimento 30s;53,44;1927;1487;26;2;0;0;0,00
2026-08-14;[PROSPECÇÃO] Mulheres 25-44 · interesses skincare;Carrossel antes e depois;34,00;1225;894;23;2;1;1;129,90
2026-08-14;[PROSPECÇÃO] Mulheres 25-44 · interesses skincare;Imagem oferta 31% off;25,24;833;563;24;3;2;2;259,80
2026-08-14;[REMARKETING] Visitou o site nos últimos 30 dias;Vídeo como usar;25,02;514;176;10;4;0;0;0,00
2026-08-14;[REMARKETING] Visitou o site nos últimos 30 dias;Imagem última chance;16,70;364;115;6;2;1;1;129,90
2026-08-15;[PROSPECÇÃO] Mulheres 25-44 · interesses skincare;Vídeo depoimento 30s;56,12;1760;1184;37;7;4;4;779,40
2026-08-15;[PROSPECÇÃO] Mulheres 25-44 · interesses skincare;Carrossel antes e depois;37,18;1166;857;15;1;1;1;259,80
2026-08-15;[PROSPECÇÃO] Mulheres 25-44 · interesses skincare;Imagem oferta 31% off;36,35;1226;972;35;1;1;0;0,00
2026-08-15;[REMARKETING] Visitou o site nos últimos 30 dias;Vídeo como usar;19,70;486;140;8;2;2;1;129,90
2026-08-15;[REMARKETING] Visitou o site nos últimos 30 dias;Imagem última chance;17,00;388;113;8;4;2;0;0,00
2026-08-16;[PROSPECÇÃO] Mulheres 25-44 · interesses skincare;Vídeo depoimento 30s;54,31;1696;1169;30;1;1;0;0,00
2026-08-16;[PROSPECÇÃO] Mulheres 25-44 · interesses skincare;Carrossel antes e depois;39,30;1306;1013;19;2;2;1;129,90
2026-08-16;[PROSPECÇÃO] Mulheres 25-44 · interesses skincare;Imagem oferta 31% off;37,37;1289;977;37;4;1;1;129,90
2026-08-16;[REMARKETING] Visitou o site nos últimos 30 dias;Vídeo como usar;23,79;570;170;10;2;0;0;0,00
2026-08-16;[REMARKETING] Visitou o site nos últimos 30 dias;Imagem última chance;13,91;317;109;6;1;1;1;129,90
2026-08-17;[PROSPECÇÃO] Mulheres 25-44 · interesses skincare;Vídeo depoimento 30s;52,10;1895;1285;38;3;1;1;129,90
2026-08-17;[PROSPECÇÃO] Mulheres 25-44 · interesses skincare;Carrossel antes e depois;33,38;1120;806;11;2;1;1;129,90
2026-08-17;[PROSPECÇÃO] Mulheres 25-44 · interesses skincare;Imagem oferta 31% off;26,74;956;729;24;0;0;0;0,00
2026-08-17;[REMARKETING] Visitou o site nos últimos 30 dias;Vídeo como usar;23,67;538;186;8;1;1;1;129,90
2026-08-17;[REMARKETING] Visitou o site nos últimos 30 dias;Imagem última chance;15,28;324;108;5;2;1;1;129,90
2026-08-18;[PROSPECÇÃO] Mulheres 25-44 · interesses skincare;Vídeo depoimento 30s;46,77;1720;1240;26;3;2;2;259,80
2026-08-18;[PROSPECÇÃO] Mulheres 25-44 · interesses skincare;Carrossel antes e depois;33,97;1221;871;14;2;1;0;0,00
2026-08-18;[PROSPECÇÃO] Mulheres 25-44 · interesses skincare;Imagem oferta 31% off;28,80;975;716;31;2;1;0;0,00
2026-08-18;[REMARKETING] Visitou o site nos últimos 30 dias;Vídeo como usar;25,16;618;191;16;4;3;3;519,60
2026-08-18;[REMARKETING] Visitou o site nos últimos 30 dias;Imagem última chance;15,29;309;103;7;1;0;0;0,00
2026-08-19;[PROSPECÇÃO] Mulheres 25-44 · interesses skincare;Vídeo depoimento 30s;49,39;1633;1117;32;2;1;0;0,00
2026-08-19;[PROSPECÇÃO] Mulheres 25-44 · interesses skincare;Carrossel antes e depois;39,48;1261;872;22;2;2;0;0,00
2026-08-19;[PROSPECÇÃO] Mulheres 25-44 · interesses skincare;Imagem oferta 31% off;30,54;1079;811;23;1;1;0;0,00
2026-08-19;[REMARKETING] Visitou o site nos últimos 30 dias;Vídeo como usar;26,08;610;181;9;2;1;1;129,90
2026-08-19;[REMARKETING] Visitou o site nos últimos 30 dias;Imagem última chance;16,42;374;119;2;0;0;0;0,00
2026-08-20;[PROSPECÇÃO] Mulheres 25-44 · interesses skincare;Vídeo depoimento 30s;53,59;1857;1429;32;5;5;4;779,40
2026-08-20;[PROSPECÇÃO] Mulheres 25-44 · interesses skincare;Carrossel antes e depois;36,74;1238;949;20;3;3;3;389,70
2026-08-20;[PROSPECÇÃO] Mulheres 25-44 · interesses skincare;Imagem oferta 31% off;34,03;1034;817;28;1;0;0;0,00
2026-08-20;[REMARKETING] Visitou o site nos últimos 30 dias;Vídeo como usar;26,05;548;182;13;2;1;0;0,00
2026-08-20;[REMARKETING] Visitou o site nos últimos 30 dias;Imagem última chance;17,88;429;131;7;0;0;0;0,00
2026-08-21;[PROSPECÇÃO] Mulheres 25-44 · interesses skincare;Vídeo depoimento 30s;58,14;1773;1266;34;4;2;2;259,80
2026-08-21;[PROSPECÇÃO] Mulheres 25-44 · interesses skincare;Carrossel antes e depois;31,73;1163;777;11;1;0;0;0,00
2026-08-21;[PROSPECÇÃO] Mulheres 25-44 · interesses skincare;Imagem oferta 31% off;31,37;1108;866;24;3;1;0;0,00
2026-08-21;[REMARKETING] Visitou o site nos últimos 30 dias;Vídeo como usar;27,05;581;167;11;3;3;2;259,80
2026-08-21;[REMARKETING] Visitou o site nos últimos 30 dias;Imagem última chance;16,16;330;102;4;0;0;0;0,00
2026-08-22;[PROSPECÇÃO] Mulheres 25-44 · interesses skincare;Vídeo depoimento 30s;57,96;1989;1567;33;5;3;2;259,80
2026-08-22;[PROSPECÇÃO] Mulheres 25-44 · interesses skincare;Carrossel antes e depois;37,90;1212;916;21;0;0;0;0,00
2026-08-22;[PROSPECÇÃO] Mulheres 25-44 · interesses skincare;Imagem oferta 31% off;33,55;1115;768;30;1;1;1;129,90
2026-08-22;[REMARKETING] Visitou o site nos últimos 30 dias;Vídeo como usar;22,52;547;173;10;1;0;0;0,00
2026-08-22;[REMARKETING] Visitou o site nos últimos 30 dias;Imagem última chance;19,22;464;154;6;0;0;0;0,00
2026-08-22;[TESTE] Lookalike 1% compradoras;Vídeo depoimento 30s;55,20;2194;1569;33;2;0;0;0,00
2026-08-22;[TESTE] Lookalike 1% compradoras;Imagem kit presente;5,04;180;135;1;0;0;0;0,00
2026-08-23;[PROSPECÇÃO] Mulheres 25-44 · interesses skincare;Vídeo depoimento 30s;56,73;2067;1601;29;4;3;2;259,80
2026-08-23;[PROSPECÇÃO] Mulheres 25-44 · interesses skincare;Carrossel antes e depois;31,61;1164;872;12;2;2;2;259,80
2026-08-23;[PROSPECÇÃO] Mulheres 25-44 · interesses skincare;Imagem oferta 31% off;24,86;876;612;15;2;0;0;0,00
2026-08-23;[REMARKETING] Visitou o site nos últimos 30 dias;Vídeo como usar;23,25;476;151;8;3;2;2;389,70
2026-08-23;[REMARKETING] Visitou o site nos últimos 30 dias;Imagem última chance;16,29;369;112;5;0;0;0;0,00
2026-08-23;[TESTE] Lookalike 1% compradoras;Vídeo depoimento 30s;51,57;2101;1550;34;6;2;2;259,80
2026-08-23;[TESTE] Lookalike 1% compradoras;Imagem kit presente;4,86;205;170;2;1;0;0;0,00
2026-08-24;[PROSPECÇÃO] Mulheres 25-44 · interesses skincare;Vídeo depoimento 30s;50,09;1630;1204;19;3;3;3;389,70
2026-08-24;[PROSPECÇÃO] Mulheres 25-44 · interesses skincare;Carrossel antes e depois;32,84;1046;783;10;1;1;1;129,90
2026-08-24;[PROSPECÇÃO] Mulheres 25-44 · interesses skincare;Imagem oferta 31% off;27,62;1007;778;19;2;1;1;129,90
2026-08-24;[REMARKETING] Visitou o site nos últimos 30 dias;Vídeo como usar;26,42;607;186;6;1;1;0;0,00
2026-08-24;[REMARKETING] Visitou o site nos últimos 30 dias;Imagem última chance;14,69;298;90;4;0;0;0;0,00
2026-08-24;[TESTE] Lookalike 1% compradoras;Vídeo depoimento 30s;55,56;2012;1644;29;4;2;2;259,80
2026-08-24;[TESTE] Lookalike 1% compradoras;Imagem kit presente;3,69;152;111;0;0;0;0;0,00
2026-08-25;[PROSPECÇÃO] Mulheres 25-44 · interesses skincare;Vídeo depoimento 30s;55,54;1989;1387;24;0;0;0;0,00
2026-08-25;[PROSPECÇÃO] Mulheres 25-44 · interesses skincare;Carrossel antes e depois;41,28;1476;1144;15;3;2;2;259,80
2026-08-25;[PROSPECÇÃO] Mulheres 25-44 · interesses skincare;Imagem oferta 31% off;29,10;929;702;28;1;1;1;129,90
2026-08-25;[REMARKETING] Visitou o site nos últimos 30 dias;Vídeo como usar;24,90;524;158;7;0;0;0;0,00
2026-08-25;[REMARKETING] Visitou o site nos últimos 30 dias;Imagem última chance;15,94;359;114;6;1;0;0;0,00
2026-08-25;[TESTE] Lookalike 1% compradoras;Vídeo depoimento 30s;59,38;2354;1746;30;1;1;1;259,80
2026-08-25;[TESTE] Lookalike 1% compradoras;Imagem kit presente;4,33;165;128;2;0;0;0;0,00
2026-08-26;[PROSPECÇÃO] Mulheres 25-44 · interesses skincare;Vídeo depoimento 30s;53,74;1903;1470;23;0;0;0;0,00
2026-08-26;[PROSPECÇÃO] Mulheres 25-44 · interesses skincare;Carrossel antes e depois;38,36;1181;824;10;2;1;1;129,90
2026-08-26;[PROSPECÇÃO] Mulheres 25-44 · interesses skincare;Imagem oferta 31% off;31,88;1147;899;28;2;1;1;129,90
2026-08-26;[REMARKETING] Visitou o site nos últimos 30 dias;Vídeo como usar;27,56;603;189;16;3;1;0;0,00
2026-08-26;[REMARKETING] Visitou o site nos últimos 30 dias;Imagem última chance;15,23;318;104;1;0;0;0;0,00
2026-08-26;[TESTE] Lookalike 1% compradoras;Vídeo depoimento 30s;56,59;2088;1696;30;2;2;2;389,70
2026-08-26;[TESTE] Lookalike 1% compradoras;Imagem kit presente;5,51;223;162;0;0;0;0;0,00
2026-08-27;[PROSPECÇÃO] Mulheres 25-44 · interesses skincare;Vídeo depoimento 30s;49,41;1726;1216;23;1;0;0;0,00
2026-08-27;[PROSPECÇÃO] Mulheres 25-44 · interesses skincare;Carrossel antes e depois;40,62;1273;916;12;1;1;1;129,90
2026-08-27;[PROSPECÇÃO] Mulheres 25-44 · interesses skincare;Imagem oferta 31% off;31,17;966;694;29;2;0;0;0,00
2026-08-27;[REMARKETING] Visitou o site nos últimos 30 dias;Vídeo como usar;22,07;484;137;7;1;1;1;129,90
2026-08-27;[REMARKETING] Visitou o site nos últimos 30 dias;Imagem última chance;16,64;360;116;3;0;0;0;0,00
2026-08-27;[TESTE] Lookalike 1% compradoras;Vídeo depoimento 30s;61,34;2209;1700;30;3;2;2;389,70
2026-08-27;[TESTE] Lookalike 1% compradoras;Imagem kit presente;4,42;165;127;1;0;0;0;0,00
2026-08-28;[PROSPECÇÃO] Mulheres 25-44 · interesses skincare;Vídeo depoimento 30s;59,29;2046;1559;23;2;2;1;129,90
2026-08-28;[PROSPECÇÃO] Mulheres 25-44 · interesses skincare;Carrossel antes e depois;36,89;1149;878;11;1;1;0;0,00
2026-08-28;[PROSPECÇÃO] Mulheres 25-44 · interesses skincare;Imagem oferta 31% off;29,35;976;638;22;2;1;0;0,00
2026-08-28;[REMARKETING] Visitou o site nos últimos 30 dias;Vídeo como usar;22,86;553;160;8;3;3;2;389,70
2026-08-28;[REMARKETING] Visitou o site nos últimos 30 dias;Imagem última chance;14,55;306;98;4;0;0;0;0,00
2026-08-28;[TESTE] Lookalike 1% compradoras;Vídeo depoimento 30s;50,85;2064;1483;22;4;1;0;0,00
2026-08-28;[TESTE] Lookalike 1% compradoras;Imagem kit presente;3,92;151;116;2;1;1;1;129,90
2026-08-29;[PROSPECÇÃO] Mulheres 25-44 · interesses skincare;Vídeo depoimento 30s;55,15;1831;1327;21;1;0;0;0,00
2026-08-29;[PROSPECÇÃO] Mulheres 25-44 · interesses skincare;Carrossel antes e depois;38,42;1311;1002;16;3;2;2;389,70
2026-08-29;[PROSPECÇÃO] Mulheres 25-44 · interesses skincare;Imagem oferta 31% off;31,52;1126;853;35;0;0;0;0,00
2026-08-29;[REMARKETING] Visitou o site nos últimos 30 dias;Vídeo como usar;24,28;525;163;8;2;1;1;129,90
2026-08-29;[REMARKETING] Visitou o site nos últimos 30 dias;Imagem última chance;15,76;376;118;5;0;0;0;0,00
2026-08-29;[TESTE] Lookalike 1% compradoras;Vídeo depoimento 30s;54,93;2310;1816;29;4;4;3;519,60
2026-08-29;[TESTE] Lookalike 1% compradoras;Imagem kit presente;4,14;175;128;2;0;0;0;0,00
2026-08-30;[PROSPECÇÃO] Mulheres 25-44 · interesses skincare;Vídeo depoimento 30s;53,41;1757;1367;23;2;1;1;129,90
2026-08-30;[PROSPECÇÃO] Mulheres 25-44 · interesses skincare;Carrossel antes e depois;38,44;1382;906;19;0;0;0;0,00
2026-08-30;[PROSPECÇÃO] Mulheres 25-44 · interesses skincare;Imagem oferta 31% off;30,65;1008;655;32;0;0;0;0,00
2026-08-30;[REMARKETING] Visitou o site nos últimos 30 dias;Vídeo como usar;23,49;530;163;12;1;1;1;129,90
2026-08-30;[REMARKETING] Visitou o site nos últimos 30 dias;Imagem última chance;16,59;344;100;2;1;0;0;0,00
2026-08-30;[TESTE] Lookalike 1% compradoras;Vídeo depoimento 30s;50,12;2088;1628;40;9;5;4;519,60
2026-08-30;[TESTE] Lookalike 1% compradoras;Imagem kit presente;4,24;169;121;3;0;0;0;0,00
2026-08-31;[PROSPECÇÃO] Mulheres 25-44 · interesses skincare;Vídeo depoimento 30s;63,80;2074;1616;34;3;3;2;259,80
2026-08-31;[PROSPECÇÃO] Mulheres 25-44 · interesses skincare;Carrossel antes e depois;36,58;1250;982;11;1;0;0;0,00
2026-08-31;[PROSPECÇÃO] Mulheres 25-44 · interesses skincare;Imagem oferta 31% off;28,50;896;700;21;0;0;0;0,00
2026-08-31;[REMARKETING] Visitou o site nos últimos 30 dias;Vídeo como usar;22,77;493;168;10;1;1;1;129,90
2026-08-31;[REMARKETING] Visitou o site nos últimos 30 dias;Imagem última chance;13,86;314;93;2;0;0;0;0,00
2026-08-31;[TESTE] Lookalike 1% compradoras;Vídeo depoimento 30s;54,82;1943;1557;34;4;1;1;129,90
2026-08-31;[TESTE] Lookalike 1% compradoras;Imagem kit presente;5,73;215;167;1;0;0;0;0,00
2026-09-01;[PROSPECÇÃO] Mulheres 25-44 · interesses skincare;Vídeo depoimento 30s;55,82;1808;1289;29;5;1;1;129,90
2026-09-01;[PROSPECÇÃO] Mulheres 25-44 · interesses skincare;Carrossel antes e depois;34,95;1152;889;17;3;3;3;389,70
2026-09-01;[PROSPECÇÃO] Mulheres 25-44 · interesses skincare;Imagem oferta 31% off;30,52;1028;773;34;1;1;0;0,00
2026-09-01;[REMARKETING] Visitou o site nos últimos 30 dias;Vídeo como usar;22,00;497;156;9;1;1;1;259,80
2026-09-01;[REMARKETING] Visitou o site nos últimos 30 dias;Imagem última chance;17,59;412;131;7;0;0;0;0,00
2026-09-01;[TESTE] Lookalike 1% compradoras;Vídeo depoimento 30s;53,98;2255;1769;33;7;5;4;519,60
2026-09-01;[TESTE] Lookalike 1% compradoras;Imagem kit presente;4,50;183;135;2;0;0;0;0,00
2026-09-02;[PROSPECÇÃO] Mulheres 25-44 · interesses skincare;Vídeo depoimento 30s;56,28;1849;1378;29;3;1;1;259,80
2026-09-02;[PROSPECÇÃO] Mulheres 25-44 · interesses skincare;Carrossel antes e depois;34,96;1204;902;22;2;2;2;259,80
2026-09-02;[PROSPECÇÃO] Mulheres 25-44 · interesses skincare;Imagem oferta 31% off;23,30;822;552;15;1;0;0;0,00
2026-09-02;[REMARKETING] Visitou o site nos últimos 30 dias;Vídeo como usar;27,78;668;226;5;0;0;0;0,00
2026-09-02;[REMARKETING] Visitou o site nos últimos 30 dias;Imagem última chance;15,34;327;112;5;1;0;0;0,00
2026-09-02;[TESTE] Lookalike 1% compradoras;Vídeo depoimento 30s;57,17;2064;1512;32;0;0;0;0,00
2026-09-02;[TESTE] Lookalike 1% compradoras;Imagem kit presente;4,50;191;134;0;0;0;0;0,00
2026-09-03;[PROSPECÇÃO] Mulheres 25-44 · interesses skincare;Vídeo depoimento 30s;49,72;1810;1384;28;0;0;0;0,00
2026-09-03;[PROSPECÇÃO] Mulheres 25-44 · interesses skincare;Carrossel antes e depois;36,25;1115;803;9;0;0;0;0,00
2026-09-03;[PROSPECÇÃO] Mulheres 25-44 · interesses skincare;Imagem oferta 31% off;23,48;793;576;17;0;0;0;0,00
2026-09-03;[REMARKETING] Visitou o site nos últimos 30 dias;Vídeo como usar;24,33;569;196;14;3;2;2;259,80
2026-09-03;[REMARKETING] Visitou o site nos últimos 30 dias;Imagem última chance;14,82;365;109;4;0;0;0;0,00
2026-09-03;[TESTE] Lookalike 1% compradoras;Vídeo depoimento 30s;48,98;1860;1335;32;5;2;1;129,90
2026-09-03;[TESTE] Lookalike 1% compradoras;Imagem kit presente;5,06;199;158;0;0;0;0;0,00
2026-09-04;[PROSPECÇÃO] Mulheres 25-44 · interesses skincare;Vídeo depoimento 30s;44,09;1602;1259;30;3;3;2;259,80
2026-09-04;[PROSPECÇÃO] Mulheres 25-44 · interesses skincare;Carrossel antes e depois;34,99;1247;886;19;1;1;0;0,00
2026-09-04;[PROSPECÇÃO] Mulheres 25-44 · interesses skincare;Imagem oferta 31% off;29,35;1016;666;29;1;0;0;0,00
2026-09-04;[REMARKETING] Visitou o site nos últimos 30 dias;Vídeo como usar;24,20;540;172;14;1;1;1;129,90
2026-09-04;[REMARKETING] Visitou o site nos últimos 30 dias;Imagem última chance;14,75;344;116;7;1;1;1;129,90
2026-09-04;[TESTE] Lookalike 1% compradoras;Vídeo depoimento 30s;51,26;1976;1510;21;1;0;0;0,00
2026-09-04;[TESTE] Lookalike 1% compradoras;Imagem kit presente;4,47;161;130;1;0;0;0;0,00
2026-09-05;[PROSPECÇÃO] Mulheres 25-44 · interesses skincare;Vídeo depoimento 30s;51,82;1581;1149;35;3;1;1;129,90
2026-09-05;[PROSPECÇÃO] Mulheres 25-44 · interesses skincare;Carrossel antes e depois;37,55;1167;883;18;4;3;1;129,90
2026-09-05;[PROSPECÇÃO] Mulheres 25-44 · interesses skincare;Imagem oferta 31% off;37,01;1336;956;40;0;0;0;0,00
2026-09-05;[REMARKETING] Visitou o site nos últimos 30 dias;Vídeo como usar;20,89;453;139;7;3;2;1;129,90
2026-09-05;[REMARKETING] Visitou o site nos últimos 30 dias;Imagem última chance;15,57;331;94;3;1;1;1;129,90
2026-09-05;[TESTE] Lookalike 1% compradoras;Vídeo depoimento 30s;51,99;2022;1720;25;3;2;1;129,90
2026-09-05;[TESTE] Lookalike 1% compradoras;Imagem kit presente;4,53;186;137;1;0;0;0;0,00
2026-09-06;[PROSPECÇÃO] Mulheres 25-44 · interesses skincare;Vídeo depoimento 30s;54,07;1943;1285;39;2;1;1;389,70
2026-09-06;[PROSPECÇÃO] Mulheres 25-44 · interesses skincare;Carrossel antes e depois;37,37;1252;868;18;3;2;2;259,80
2026-09-06;[PROSPECÇÃO] Mulheres 25-44 · interesses skincare;Imagem oferta 31% off;33,41;1226;892;22;0;0;0;0,00
2026-09-06;[REMARKETING] Visitou o site nos últimos 30 dias;Vídeo como usar;24,55;553;171;4;1;1;1;129,90
2026-09-06;[REMARKETING] Visitou o site nos últimos 30 dias;Imagem última chance;18,88;465;158;9;2;1;1;129,90
2026-09-06;[TESTE] Lookalike 1% compradoras;Vídeo depoimento 30s;60,29;2177;1761;39;9;7;5;649,50
2026-09-06;[TESTE] Lookalike 1% compradoras;Imagem kit presente;4,90;190;137;1;0;0;0;0,00
2026-09-07;[PROSPECÇÃO] Mulheres 25-44 · interesses skincare;Vídeo depoimento 30s;58,37;1831;1325;20;3;2;1;129,90
2026-09-07;[PROSPECÇÃO] Mulheres 25-44 · interesses skincare;Carrossel antes e depois;35,28;1155;837;10;1;1;1;129,90
2026-09-07;[PROSPECÇÃO] Mulheres 25-44 · interesses skincare;Imagem oferta 31% off;29,50;1031;801;29;2;0;0;0,00
2026-09-07;[REMARKETING] Visitou o site nos últimos 30 dias;Vídeo como usar;23,79;583;175;12;2;0;0;0,00
2026-09-07;[REMARKETING] Visitou o site nos últimos 30 dias;Imagem última chance;18,36;411;124;5;0;0;0;0,00
2026-09-07;[TESTE] Lookalike 1% compradoras;Vídeo depoimento 30s;58,94;2287;1660;31;6;3;3;389,70
2026-09-07;[TESTE] Lookalike 1% compradoras;Imagem kit presente;6,05;249;199;1;1;1;1;129,90
2026-09-08;[PROSPECÇÃO] Mulheres 25-44 · interesses skincare;Vídeo depoimento 30s;53,68;1976;1559;27;5;4;3;649,50
2026-09-08;[PROSPECÇÃO] Mulheres 25-44 · interesses skincare;Carrossel antes e depois;40,49;1252;991;20;5;3;2;259,80
2026-09-08;[PROSPECÇÃO] Mulheres 25-44 · interesses skincare;Imagem oferta 31% off;33,71;1197;833;38;0;0;0;0,00
2026-09-08;[REMARKETING] Visitou o site nos últimos 30 dias;Vídeo como usar;23,29;573;192;7;0;0;0;0,00
2026-09-08;[REMARKETING] Visitou o site nos últimos 30 dias;Imagem última chance;16,47;392;125;7;0;0;0;0,00
2026-09-08;[TESTE] Lookalike 1% compradoras;Vídeo depoimento 30s;50,06;1920;1626;24;1;0;0;0,00
2026-09-08;[TESTE] Lookalike 1% compradoras;Imagem kit presente;4,87;185;138;1;0;0;0;0,00
2026-09-09;[PROSPECÇÃO] Mulheres 25-44 · interesses skincare;Vídeo depoimento 30s;53,32;1837;1215;26;2;2;2;389,70
2026-09-09;[PROSPECÇÃO] Mulheres 25-44 · interesses skincare;Carrossel antes e depois;40,50;1317;898;13;3;1;1;129,90
2026-09-09;[PROSPECÇÃO] Mulheres 25-44 · interesses skincare;Imagem oferta 31% off;36,36;1106;844;31;2;2;2;259,80
2026-09-09;[REMARKETING] Visitou o site nos últimos 30 dias;Vídeo como usar;23,51;498;152;7;0;0;0;0,00
2026-09-09;[REMARKETING] Visitou o site nos últimos 30 dias;Imagem última chance;16,12;396;120;2;0;0;0;0,00
2026-09-09;[TESTE] Lookalike 1% compradoras;Vídeo depoimento 30s;55,34;2165;1636;30;1;0;0;0,00
2026-09-09;[TESTE] Lookalike 1% compradoras;Imagem kit presente;4,98;185;135;1;0;0;0;0,00
2026-09-10;[PROSPECÇÃO] Mulheres 25-44 · interesses skincare;Vídeo depoimento 30s;57,93;2075;1368;26;2;1;1;129,90
2026-09-10;[PROSPECÇÃO] Mulheres 25-44 · interesses skincare;Carrossel antes e depois;37,36;1180;844;11;1;0;0;0,00
2026-09-10;[PROSPECÇÃO] Mulheres 25-44 · interesses skincare;Imagem oferta 31% off;28,33;895;592;21;1;0;0;0,00
2026-09-10;[REMARKETING] Visitou o site nos últimos 30 dias;Vídeo como usar;23,14;519;163;6;0;0;0;0,00
2026-09-10;[REMARKETING] Visitou o site nos últimos 30 dias;Imagem última chance;18,96;387;110;9;1;1;0;0,00
2026-09-10;[TESTE] Lookalike 1% compradoras;Vídeo depoimento 30s;58,18;2136;1722;37;3;3;3;389,70
2026-09-10;[TESTE] Lookalike 1% compradoras;Imagem kit presente;4,95;200;140;0;0;0;0;0,00
2026-09-11;[PROSPECÇÃO] Mulheres 25-44 · interesses skincare;Vídeo depoimento 30s;51,41;1707;1168;20;1;1;1;129,90
2026-09-11;[PROSPECÇÃO] Mulheres 25-44 · interesses skincare;Carrossel antes e depois;38,23;1234;959;18;4;4;2;259,80
2026-09-11;[PROSPECÇÃO] Mulheres 25-44 · interesses skincare;Imagem oferta 31% off;25,62;933;627;22;0;0;0;0,00
2026-09-11;[REMARKETING] Visitou o site nos últimos 30 dias;Vídeo como usar;24,81;572;192;11;2;2;2;519,60
2026-09-11;[REMARKETING] Visitou o site nos últimos 30 dias;Imagem última chance;15,26;326;95;5;1;0;0;0,00
2026-09-11;[TESTE] Lookalike 1% compradoras;Vídeo depoimento 30s;54,11;2139;1649;39;5;4;4;519,60
2026-09-11;[TESTE] Lookalike 1% compradoras;Imagem kit presente;3,96;150;121;1;0;0;0;0,00
2026-09-12;[PROSPECÇÃO] Mulheres 25-44 · interesses skincare;Vídeo depoimento 30s;59,59;2166;1529;34;4;2;2;519,60
2026-09-12;[PROSPECÇÃO] Mulheres 25-44 · interesses skincare;Carrossel antes e depois;34,48;1110;759;11;1;1;1;129,90
2026-09-12;[PROSPECÇÃO] Mulheres 25-44 · interesses skincare;Imagem oferta 31% off;32,04;1117;775;41;3;0;0;0,00
2026-09-12;[REMARKETING] Visitou o site nos últimos 30 dias;Vídeo como usar;23,42;481;163;8;2;2;2;519,60
2026-09-12;[REMARKETING] Visitou o site nos últimos 30 dias;Imagem última chance;17,78;380;116;4;0;0;0;0,00
2026-09-12;[TESTE] Lookalike 1% compradoras;Vídeo depoimento 30s;59,52;2142;1830;28;1;1;0;0,00
2026-09-12;[TESTE] Lookalike 1% compradoras;Imagem kit presente;5,36;227;173;0;0;0;0;0,00
2026-09-13;[PROSPECÇÃO] Mulheres 25-44 · interesses skincare;Vídeo depoimento 30s;47,76;1620;1279;27;4;3;3;389,70
2026-09-13;[PROSPECÇÃO] Mulheres 25-44 · interesses skincare;Carrossel antes e depois;36,55;1216;952;12;0;0;0;0,00
2026-09-13;[PROSPECÇÃO] Mulheres 25-44 · interesses skincare;Imagem oferta 31% off;30,12;1005;723;21;1;1;0;0,00
2026-09-13;[REMARKETING] Visitou o site nos últimos 30 dias;Vídeo como usar;25,37;598;180;12;2;2;1;129,90
2026-09-13;[REMARKETING] Visitou o site nos últimos 30 dias;Imagem última chance;17,19;416;129;5;1;1;1;129,90
2026-09-13;[TESTE] Lookalike 1% compradoras;Vídeo depoimento 30s;56,43;2226;1858;32;6;3;3;649,50
2026-09-13;[TESTE] Lookalike 1% compradoras;Imagem kit presente;5,09;188;145;1;0;0;0;0,00
2026-09-14;[PROSPECÇÃO] Mulheres 25-44 · interesses skincare;Vídeo depoimento 30s;52,60;1677;1328;20;1;1;0;0,00
2026-09-14;[PROSPECÇÃO] Mulheres 25-44 · interesses skincare;Carrossel antes e depois;38,90;1260;860;11;1;0;0;0,00
2026-09-14;[PROSPECÇÃO] Mulheres 25-44 · interesses skincare;Imagem oferta 31% off;28,56;908;660;20;2;1;1;129,90
2026-09-14;[REMARKETING] Visitou o site nos últimos 30 dias;Vídeo como usar;25,26;592;176;10;2;1;1;129,90
2026-09-14;[REMARKETING] Visitou o site nos últimos 30 dias;Imagem última chance;16,36;397;120;7;0;0;0;0,00
2026-09-14;[TESTE] Lookalike 1% compradoras;Vídeo depoimento 30s;57,39;2287;1657;25;4;2;2;519,60
2026-09-14;[TESTE] Lookalike 1% compradoras;Imagem kit presente;5,39;193;146;1;0;0;0;0,00
2026-09-15;[PROSPECÇÃO] Mulheres 25-44 · interesses skincare;Vídeo depoimento 30s;48,82;1623;1179;31;4;3;2;259,80
2026-09-15;[PROSPECÇÃO] Mulheres 25-44 · interesses skincare;Carrossel antes e depois;33,62;1139;754;8;1;1;1;129,90
2026-09-15;[PROSPECÇÃO] Mulheres 25-44 · interesses skincare;Imagem oferta 31% off;31,91;1158;812;25;2;1;1;129,90
2026-09-15;[REMARKETING] Visitou o site nos últimos 30 dias;Vídeo como usar;23,22;498;163;7;0;0;0;0,00
2026-09-15;[REMARKETING] Visitou o site nos últimos 30 dias;Imagem última chance;17,08;401;125;1;1;0;0;0,00
2026-09-15;[TESTE] Lookalike 1% compradoras;Vídeo depoimento 30s;59,31;2106;1551;34;5;3;2;519,60
2026-09-15;[TESTE] Lookalike 1% compradoras;Imagem kit presente;4,90;180;148;3;0;0;0;0,00
2026-09-16;[PROSPECÇÃO] Mulheres 25-44 · interesses skincare;Vídeo depoimento 30s;46,08;1412;1106;25;6;4;2;259,80
2026-09-16;[PROSPECÇÃO] Mulheres 25-44 · interesses skincare;Carrossel antes e depois;35,03;1094;802;9;0;0;0;0,00
2026-09-16;[PROSPECÇÃO] Mulheres 25-44 · interesses skincare;Imagem oferta 31% off;30,00;955;716;23;0;0;0;0,00
2026-09-16;[REMARKETING] Visitou o site nos últimos 30 dias;Vídeo como usar;22,59;457;144;5;1;1;1;259,80
2026-09-16;[REMARKETING] Visitou o site nos últimos 30 dias;Imagem última chance;17,02;414;120;7;2;1;0;0,00
2026-09-16;[TESTE] Lookalike 1% compradoras;Vídeo depoimento 30s;56,67;2333;1635;37;8;5;4;519,60
2026-09-16;[TESTE] Lookalike 1% compradoras;Imagem kit presente;4,88;193;158;1;0;0;0;0,00
2026-09-17;[PROSPECÇÃO] Mulheres 25-44 · interesses skincare;Vídeo depoimento 30s;52,23;1617;1063;22;3;3;3;389,70
2026-09-17;[PROSPECÇÃO] Mulheres 25-44 · interesses skincare;Carrossel antes e depois;31,76;1084;735;11;2;1;0;0,00
2026-09-17;[PROSPECÇÃO] Mulheres 25-44 · interesses skincare;Imagem oferta 31% off;25,52;943;684;23;1;1;1;129,90
2026-09-17;[REMARKETING] Visitou o site nos últimos 30 dias;Vídeo como usar;23,35;566;170;13;5;5;4;909,30
2026-09-17;[REMARKETING] Visitou o site nos últimos 30 dias;Imagem última chance;13,53;298;103;5;0;0;0;0,00
2026-09-17;[TESTE] Lookalike 1% compradoras;Vídeo depoimento 30s;52,68;1852;1512;19;0;0;0;0,00
2026-09-17;[TESTE] Lookalike 1% compradoras;Imagem kit presente;4,60;196;158;1;0;0;0;0,00
2026-09-18;[PROSPECÇÃO] Mulheres 25-44 · interesses skincare;Vídeo depoimento 30s;59,19;1867;1353;25;4;3;3;649,50
2026-09-18;[PROSPECÇÃO] Mulheres 25-44 · interesses skincare;Carrossel antes e depois;37,28;1184;859;13;1;1;1;129,90
2026-09-18;[PROSPECÇÃO] Mulheres 25-44 · interesses skincare;Imagem oferta 31% off;32,81;1011;786;28;2;1;1;129,90
2026-09-18;[REMARKETING] Visitou o site nos últimos 30 dias;Vídeo como usar;22,81;497;151;6;1;1;1;129,90
2026-09-18;[REMARKETING] Visitou o site nos últimos 30 dias;Imagem última chance;19,12;420;125;3;0;0;0;0,00
2026-09-18;[TESTE] Lookalike 1% compradoras;Vídeo depoimento 30s;49,42;2016;1672;30;3;2;0;0,00
2026-09-18;[TESTE] Lookalike 1% compradoras;Imagem kit presente;4,78;182;130;2;0;0;0;0,00
2026-09-19;[PROSPECÇÃO] Mulheres 25-44 · interesses skincare;Vídeo depoimento 30s;58,95;1945;1457;31;3;1;1;129,90
2026-09-19;[PROSPECÇÃO] Mulheres 25-44 · interesses skincare;Carrossel antes e depois;43,46;1437;1071;16;3;3;2;389,70
2026-09-19;[PROSPECÇÃO] Mulheres 25-44 · interesses skincare;Imagem oferta 31% off;28,70;910;616;22;1;0;0;0,00
2026-09-19;[REMARKETING] Visitou o site nos últimos 30 dias;Vídeo como usar;24,37;520;148;8;4;1;0;0,00
2026-09-19;[REMARKETING] Visitou o site nos últimos 30 dias;Imagem última chance;17,39;418;135;5;0;0;0;0,00
2026-09-19;[TESTE] Lookalike 1% compradoras;Vídeo depoimento 30s;60,59;2530;1984;32;6;4;2;259,80
2026-09-19;[TESTE] Lookalike 1% compradoras;Imagem kit presente;4,82;183;128;1;0;0;0;0,00
2026-09-20;[PROSPECÇÃO] Mulheres 25-44 · interesses skincare;Vídeo depoimento 30s;52,19;1815;1330;30;3;2;1;129,90
2026-09-20;[PROSPECÇÃO] Mulheres 25-44 · interesses skincare;Carrossel antes e depois;36,60;1315;1012;19;2;1;1;129,90
2026-09-20;[PROSPECÇÃO] Mulheres 25-44 · interesses skincare;Imagem oferta 31% off;35,51;1267;836;29;0;0;0;0,00
2026-09-20;[REMARKETING] Visitou o site nos últimos 30 dias;Vídeo como usar;25,76;586;193;16;2;2;2;389,70
2026-09-20;[REMARKETING] Visitou o site nos últimos 30 dias;Imagem última chance;13,89;280;96;5;0;0;0;0,00
2026-09-20;[TESTE] Lookalike 1% compradoras;Vídeo depoimento 30s;50,31;2062;1542;21;2;1;0;0,00
2026-09-20;[TESTE] Lookalike 1% compradoras;Imagem kit presente;4,85;197;138;2;0;0;0;0,00
