Número do pedido;Data;Status do pagamento;Total;utm_source;utm_medium;utm_campaign;utm_content
10231;23/07/2026;Cancelado;259,80;facebook;paid_social;prospeccao-mulheres-25-44-interesses-skincare;video-depoimento-30s
10232;23/07/2026;Pago;129,90;facebook;paid_social;remarketing-visitou-o-site-nos-ultimos-30-dias;video-como-usar
10233;23/07/2026;Cancelado;259,80;instagram;paid_social;remarketing-visitou-o-site-nos-ultimos-30-dias;video-como-usar
10234;23/07/2026;Pago;129,90;facebook;paid_social;remarketing-visitou-o-site-nos-ultimos-30-dias;video-como-usar
10235;23/07/2026;Pago;129,90;facebook;paid_social;remarketing-visitou-o-site-nos-ultimos-30-dias;imagem-ultima-chance
10236;24/07/2026;Pago;259,80;instagram;paid_social;prospeccao-mulheres-25-44-interesses-skincare;video-depoimento-30s
10237;24/07/2026;Pago;259,80;facebook;paid_social;prospeccao-mulheres-25-44-interesses-skincare;carrossel-antes-e-depois
10238;24/07/2026;Pago;259,80;facebook;paid_social;prospeccao-mulheres-25-44-interesses-skincare;imagem-oferta-31-off
10239;24/07/2026;Pago;129,90;facebook;paid_social;remarketing-visitou-o-site-nos-ultimos-30-dias;video-como-usar
10240;25/07/2026;Pago;129,90;instagram;paid_social;prospeccao-mulheres-25-44-interesses-skincare;video-depoimento-30s
10241;25/07/2026;Pago;259,80;instagram;paid_social;prospeccao-mulheres-25-44-interesses-skincare;video-depoimento-30s
10242;25/07/2026;Pago;129,90;instagram;paid_social;prospeccao-mulheres-25-44-interesses-skincare;video-depoimento-30s
10243;25/07/2026;Pago;129,90;facebook;paid_social;remarketing-visitou-o-site-nos-ultimos-30-dias;video-como-usar
10244;26/07/2026;Pago;259,80;instagram;paid_social;prospeccao-mulheres-25-44-interesses-skincare;video-depoimento-30s
10245;26/07/2026;Pago;129,90;instagram;paid_social;prospeccao-mulheres-25-44-interesses-skincare;video-depoimento-30s
10246;26/07/2026;Pago;129,90;instagram;paid_social;prospeccao-mulheres-25-44-interesses-skincare;video-depoimento-30s
10247;26/07/2026;Pago;259,80;instagram;paid_social;prospeccao-mulheres-25-44-interesses-skincare;imagem-oferta-31-off
10248;26/07/2026;Pago;129,90;instagram;paid_social;remarketing-visitou-o-site-nos-ultimos-30-dias;video-como-usar
10249;26/07/2026;Pago;129,90;instagram;paid_social;remarketing-visitou-o-site-nos-ultimos-30-dias;video-como-usar
10250;26/07/2026;Pago;129,90;instagram;paid_social;remarketing-visitou-o-site-nos-ultimos-30-dias;imagem-ultima-chance
10251;26/07/2026;Pago;259,80;facebook;paid_social;remarketing-visitou-o-site-nos-ultimos-30-dias;imagem-ultima-chance
10252;27/07/2026;Pago;129,90;facebook;paid_social;prospeccao-mulheres-25-44-interesses-skincare;video-depoimento-30s
10253;27/07/2026;Pago;129,90;instagram;paid_social;remarketing-visitou-o-site-nos-ultimos-30-dias;video-como-usar
10254;28/07/2026;Pago;129,90;instagram;paid_social;prospeccao-mulheres-25-44-interesses-skincare;video-depoimento-30s
10255;28/07/2026;Pago;129,90;instagram;paid_social;remarketing-visitou-o-site-nos-ultimos-30-dias;imagem-ultima-chance
10256;29/07/2026;Pago;129,90;instagram;paid_social;prospeccao-mulheres-25-44-interesses-skincare;video-depoimento-30s
10257;29/07/2026;Pago;259,80;instagram;paid_social;prospeccao-mulheres-25-44-interesses-skincare;carrossel-antes-e-depois
10258;29/07/2026;Pago;129,90;instagram;paid_social;prospeccao-mulheres-25-44-interesses-skincare;imagem-oferta-31-off
10259;31/07/2026;Pago;129,90;facebook;paid_social;prospeccao-mulheres-25-44-interesses-skincare;video-depoimento-30s
10260;31/07/2026;Pago;129,90;instagram;paid_social;prospeccao-mulheres-25-44-interesses-skincare;imagem-oferta-31-off
10261;31/07/2026;Pago;259,80;instagram;paid_social;remarketing-visitou-o-site-nos-ultimos-30-dias;video-como-usar
10262;01/08/2026;Pago;129,90;instagram;paid_social;remarketing-visitou-o-site-nos-ultimos-30-dias;video-como-usar
10263;01/08/2026;Pago;129,90;instagram;paid_social;remarketing-visitou-o-site-nos-ultimos-30-dias;video-como-usar
10264;02/08/2026;Pago;129,90;instagram;paid_social;prospeccao-mulheres-25-44-interesses-skincare;video-depoimento-30s
10265;02/08/2026;Pago;129,90;facebook;paid_social;remarketing-visitou-o-site-nos-ultimos-30-dias;video-como-usar
10266;03/08/2026;Pago;129,90;facebook;paid_social;prospeccao-mulheres-25-44-interesses-skincare;carrossel-antes-e-depois
10267;04/08/2026;Pago;129,90;facebook;paid_social;prospeccao-mulheres-25-44-interesses-skincare;video-depoimento-30s
10268;04/08/2026;Pago;129,90;instagram;paid_social;prospeccao-mulheres-25-44-interesses-skincare;video-depoimento-30s
10269;04/08/2026;Pago;129,90;instagram;paid_social;prospeccao-mulheres-25-44-interesses-skincare;video-depoimento-30s
10270;04/08/2026;Pago;259,80;instagram;paid_social;remarketing-visitou-o-site-nos-ultimos-30-dias;video-como-usar
10271;05/08/2026;Pago;129,90;instagram;paid_social;remarketing-visitou-o-site-nos-ultimos-30-dias;video-como-usar
10272;06/08/2026;Pago;129,90;facebook;paid_social;prospeccao-mulheres-25-44-interesses-skincare;video-depoimento-30s
10273;06/08/2026;Cancelado;389,70;facebook;paid_social;prospeccao-mulheres-25-44-interesses-skincare;carrossel-antes-e-depois
10274;06/08/2026;Pago;129,90;instagram;paid_social;remarketing-visitou-o-site-nos-ultimos-30-dias;video-como-usar
10275;06/08/2026;Pago;129,90;instagram;paid_social;remarketing-visitou-o-site-nos-ultimos-30-dias;video-como-usar
10276;07/08/2026;Pago;129,90;instagram;paid_social;prospeccao-mulheres-25-44-interesses-skincare;carrossel-antes-e-depois
10277;08/08/2026;Pago;259,80;instagram;paid_social;prospeccao-mulheres-25-44-interesses-skincare;video-depoimento-30s
10278;08/08/2026;Pago;129,90;facebook;paid_social;prospeccao-mulheres-25-44-interesses-skincare;carrossel-antes-e-depois
10279;08/08/2026;Pago;259,80;instagram;paid_social;prospeccao-mulheres-25-44-interesses-skincare;carrossel-antes-e-depois
10280;08/08/2026;Pago;259,80;facebook;paid_social;remarketing-visitou-o-site-nos-ultimos-30-dias;imagem-ultima-chance
10281;09/08/2026;Pago;129,90;instagram;paid_social;prospeccao-mulheres-25-44-interesses-skincare;video-depoimento-30s
10282;09/08/2026;Pago;129,90;facebook;paid_social;remarketing-visitou-o-site-nos-ultimos-30-dias;video-como-usar
10283;09/08/2026;Pago;129,90;facebook;paid_social;remarketing-visitou-o-site-nos-ultimos-30-dias;imagem-ultima-chance
10284;09/08/2026;Pago;129,90;facebook;paid_social;remarketing-visitou-o-site-nos-ultimos-30-dias;imagem-ultima-chance
10285;10/08/2026;Pago;129,90;facebook;paid_social;prospeccao-mulheres-25-44-interesses-skincare;video-depoimento-30s
10286;10/08/2026;Pago;129,90;instagram;paid_social;prospeccao-mulheres-25-44-interesses-skincare;carrossel-antes-e-depois
10287;11/08/2026;Pago;129,90;instagram;paid_social;prospeccao-mulheres-25-44-interesses-skincare;carrossel-antes-e-depois
10288;11/08/2026;Pago;129,90;instagram;paid_social;prospeccao-mulheres-25-44-interesses-skincare;imagem-oferta-31-off
10289;11/08/2026;Pago;259,80;instagram;paid_social;remarketing-visitou-o-site-nos-ultimos-30-dias;video-como-usar
10290;12/08/2026;Pago;129,90;instagram;paid_social;prospeccao-mulheres-25-44-interesses-skincare;imagem-oferta-31-off
10291;12/08/2026;Pago;129,90;instagram;paid_social;remarketing-visitou-o-site-nos-ultimos-30-dias;video-como-usar
10292;12/08/2026;Pago;129,90;facebook;paid_social;remarketing-visitou-o-site-nos-ultimos-30-dias;imagem-ultima-chance
10293;13/08/2026;Pago;129,90;instagram;paid_social;prospeccao-mulheres-25-44-interesses-skincare;video-depoimento-30s
10294;13/08/2026;Pago;259,80;instagram;paid_social;prospeccao-mulheres-25-44-interesses-skincare;video-depoimento-30s
10295;14/08/2026;Pago;129,90;instagram;paid_social;prospeccao-mulheres-25-44-interesses-skincare;imagem-oferta-31-off
10296;14/08/2026;Cancelado;129,90;instagram;paid_social;remarketing-visitou-o-site-nos-ultimos-30-dias;imagem-ultima-chance
10297;15/08/2026;Pago;259,80;instagram;paid_social;prospeccao-mulheres-25-44-interesses-skincare;video-depoimento-30s
10298;15/08/2026;Pago;129,90;instagram;paid_social;prospeccao-mulheres-25-44-interesses-skincare;video-depoimento-30s
10299;15/08/2026;Pago;129,90;instagram;paid_social;prospeccao-mulheres-25-44-interesses-skincare;video-depoimento-30s
10300;15/08/2026;Pago;259,80;facebook;paid_social;prospeccao-mulheres-25-44-interesses-skincare;video-depoimento-30s
10301;15/08/2026;Pago;259,80;facebook;paid_social;prospeccao-mulheres-25-44-interesses-skincare;carrossel-antes-e-depois
10302;15/08/2026;Pago;129,90;facebook;paid_social;remarketing-visitou-o-site-nos-ultimos-30-dias;video-como-usar
10303;16/08/2026;Pago;129,90;facebook;paid_social;prospeccao-mulheres-25-44-interesses-skincare;carrossel-antes-e-depois
10304;16/08/2026;Pago;129,90;instagram;paid_social;prospeccao-mulheres-25-44-interesses-skincare;imagem-oferta-31-off
10305;17/08/2026;Pago;129,90;facebook;paid_social;remarketing-visitou-o-site-nos-ultimos-30-dias;video-como-usar
10306;18/08/2026;Pago;129,90;instagram;paid_social;prospeccao-mulheres-25-44-interesses-skincare;video-depoimento-30s
10307;18/08/2026;Pago;129,90;instagram;paid_social;prospeccao-mulheres-25-44-interesses-skincare;video-depoimento-30s
10308;18/08/2026;Pago;259,80;instagram;paid_social;remarketing-visitou-o-site-nos-ultimos-30-dias;video-como-usar
10309;20/08/2026;Pago;129,90;instagram;paid_social;prospeccao-mulheres-25-44-interesses-skincare;video-depoimento-30s
10310;20/08/2026;Pago;129,90;instagram;paid_social;prospeccao-mulheres-25-44-interesses-skincare;video-depoimento-30s
10311;20/08/2026;Pago;259,80;facebook;paid_social;prospeccao-mulheres-25-44-interesses-skincare;video-depoimento-30s
10312;20/08/2026;Pago;129,90;facebook;paid_social;prospeccao-mulheres-25-44-interesses-skincare;carrossel-antes-e-depois
10313;21/08/2026;Pago;129,90;instagram;paid_social;prospeccao-mulheres-25-44-interesses-skincare;video-depoimento-30s
10314;21/08/2026;Pago;129,90;facebook;paid_social;prospeccao-mulheres-25-44-interesses-skincare;video-depoimento-30s
10315;21/08/2026;Pago;129,90;instagram;paid_social;remarketing-visitou-o-site-nos-ultimos-30-dias;video-como-usar
10316;21/08/2026;Pago;129,90;facebook;paid_social;remarketing-visitou-o-site-nos-ultimos-30-dias;video-como-usar
10317;22/08/2026;Pago;129,90;facebook;paid_social;prospeccao-mulheres-25-44-interesses-skincare;video-depoimento-30s
10318;22/08/2026;Pago;129,90;instagram;paid_social;prospeccao-mulheres-25-44-interesses-skincare;video-depoimento-30s
10319;22/08/2026;Pago;129,90;facebook;paid_social;prospeccao-mulheres-25-44-interesses-skincare;imagem-oferta-31-off
10320;23/08/2026;Pago;129,90;facebook;paid_social;prospeccao-mulheres-25-44-interesses-skincare;video-depoimento-30s
10321;23/08/2026;Pago;129,90;instagram;paid_social;prospeccao-mulheres-25-44-interesses-skincare;video-depoimento-30s
10322;23/08/2026;Pago;129,90;instagram;paid_social;prospeccao-mulheres-25-44-interesses-skincare;carrossel-antes-e-depois
10323;23/08/2026;Pago;129,90;instagram;paid_social;prospeccao-mulheres-25-44-interesses-skincare;carrossel-antes-e-depois
10324;23/08/2026;Pago;259,80;facebook;paid_social;remarketing-visitou-o-site-nos-ultimos-30-dias;video-como-usar
10325;23/08/2026;Pago;129,90;facebook;paid_social;remarketing-visitou-o-site-nos-ultimos-30-dias;video-como-usar
10326;23/08/2026;Pago;129,90;instagram;paid_social;teste-lookalike-1-compradoras;video-depoimento-30s
10327;24/08/2026;Pago;129,90;instagram;paid_social;prospeccao-mulheres-25-44-interesses-skincare;video-depoimento-30s
10328;24/08/2026;Pago;129,90;instagram;paid_social;prospeccao-mulheres-25-44-interesses-skincare;video-depoimento-30s
10329;24/08/2026;Pago;129,90;instagram;paid_social;prospeccao-mulheres-25-44-interesses-skincare;imagem-oferta-31-off
10330;24/08/2026;Pago;129,90;facebook;paid_social;teste-lookalike-1-compradoras;video-depoimento-30s
10331;24/08/2026;Pago;129,90;instagram;paid_social;teste-lookalike-1-compradoras;video-depoimento-30s
10332;25/08/2026;Pago;129,90;instagram;paid_social;prospeccao-mulheres-25-44-interesses-skincare;carrossel-antes-e-depois
10333;25/08/2026;Pago;129,90;instagram;paid_social;prospeccao-mulheres-25-44-interesses-skincare;imagem-oferta-31-off
10334;25/08/2026;Pago;259,80;instagram;paid_social;teste-lookalike-1-compradoras;video-depoimento-30s
10335;26/08/2026;Pago;129,90;facebook;paid_social;prospeccao-mulheres-25-44-interesses-skincare;carrossel-antes-e-depois
10336;27/08/2026;Pago;129,90;facebook;paid_social;prospeccao-mulheres-25-44-interesses-skincare;carrossel-antes-e-depois
10337;27/08/2026;Pago;129,90;instagram;paid_social;remarketing-visitou-o-site-nos-ultimos-30-dias;video-como-usar
10338;27/08/2026;Pago;259,80;instagram;paid_social;teste-lookalike-1-compradoras;video-depoimento-30s
10339;27/08/2026;Cancelado;129,90;facebook;paid_social;teste-lookalike-1-compradoras;video-depoimento-30s
10340;28/08/2026;Pago;129,90;facebook;paid_social;prospeccao-mulheres-25-44-interesses-skincare;video-depoimento-30s
10341;28/08/2026;Cancelado;129,90;instagram;paid_social;remarketing-visitou-o-site-nos-ultimos-30-dias;video-como-usar
10342;29/08/2026;Pago;129,90;instagram;paid_social;prospeccao-mulheres-25-44-interesses-skincare;carrossel-antes-e-depois
10343;29/08/2026;Pago;129,90;instagram;paid_social;remarketing-visitou-o-site-nos-ultimos-30-dias;video-como-usar
10344;29/08/2026;Pago;129,90;instagram;paid_social;teste-lookalike-1-compradoras;video-depoimento-30s
10345;29/08/2026;Pago;259,80;instagram;paid_social;teste-lookalike-1-compradoras;video-depoimento-30s
10346;29/08/2026;Pago;129,90;instagram;paid_social;teste-lookalike-1-compradoras;video-depoimento-30s
10347;30/08/2026;Pago;129,90;facebook;paid_social;prospeccao-mulheres-25-44-interesses-skincare;video-depoimento-30s
10348;30/08/2026;Pago;129,90;instagram;paid_social;remarketing-visitou-o-site-nos-ultimos-30-dias;video-como-usar
10349;30/08/2026;Pago;129,90;facebook;paid_social;teste-lookalike-1-compradoras;video-depoimento-30s
10350;30/08/2026;Pago;129,90;instagram;paid_social;teste-lookalike-1-compradoras;video-depoimento-30s
10351;30/08/2026;Pago;129,90;facebook;paid_social;teste-lookalike-1-compradoras;video-depoimento-30s
10352;30/08/2026;Pago;129,90;instagram;paid_social;teste-lookalike-1-compradoras;video-depoimento-30s
10353;31/08/2026;Pago;129,90;instagram;paid_social;prospeccao-mulheres-25-44-interesses-skincare;video-depoimento-30s
10354;31/08/2026;Pago;129,90;instagram;paid_social;prospeccao-mulheres-25-44-interesses-skincare;video-depoimento-30s
10355;01/09/2026;Pago;129,90;facebook;paid_social;prospeccao-mulheres-25-44-interesses-skincare;carrossel-antes-e-depois
10356;01/09/2026;Pago;129,90;facebook;paid_social;prospeccao-mulheres-25-44-interesses-skincare;carrossel-antes-e-depois
10357;01/09/2026;Pago;129,90;instagram;paid_social;prospeccao-mulheres-25-44-interesses-skincare;carrossel-antes-e-depois
10358;01/09/2026;Pago;259,80;facebook;paid_social;remarketing-visitou-o-site-nos-ultimos-30-dias;video-como-usar
10359;01/09/2026;Pago;129,90;instagram;paid_social;teste-lookalike-1-compradoras;video-depoimento-30s
10360;02/09/2026;Pago;259,80;instagram;paid_social;prospeccao-mulheres-25-44-interesses-skincare;video-depoimento-30s
10361;02/09/2026;Pago;129,90;instagram;paid_social;prospeccao-mulheres-25-44-interesses-skincare;carrossel-antes-e-depois
10362;04/09/2026;Pago;129,90;instagram;paid_social;prospeccao-mulheres-25-44-interesses-skincare;video-depoimento-30s
10363;04/09/2026;Pago;129,90;facebook;paid_social;prospeccao-mulheres-25-44-interesses-skincare;video-depoimento-30s
10364;04/09/2026;Pago;129,90;instagram;paid_social;remarketing-visitou-o-site-nos-ultimos-30-dias;video-como-usar
10365;04/09/2026;Pago;129,90;instagram;paid_social;remarketing-visitou-o-site-nos-ultimos-30-dias;imagem-ultima-chance
10366;05/09/2026;Cancelado;129,90;instagram;paid_social;remarketing-visitou-o-site-nos-ultimos-30-dias;imagem-ultima-chance
10367;05/09/2026;Cancelado;129,90;instagram;paid_social;teste-lookalike-1-compradoras;video-depoimento-30s
10368;06/09/2026;Cancelado;129,90;instagram;paid_social;prospeccao-mulheres-25-44-interesses-skincare;carrossel-antes-e-depois
10369;06/09/2026;Pago;129,90;facebook;paid_social;prospeccao-mulheres-25-44-interesses-skincare;carrossel-antes-e-depois
10370;06/09/2026;Pago;129,90;instagram;paid_social;teste-lookalike-1-compradoras;video-depoimento-30s
10371;06/09/2026;Cancelado;129,90;instagram;paid_social;teste-lookalike-1-compradoras;video-depoimento-30s
10372;06/09/2026;Pago;129,90;instagram;paid_social;teste-lookalike-1-compradoras;video-depoimento-30s
10373;06/09/2026;Pago;129,90;instagram;paid_social;teste-lookalike-1-compradoras;video-depoimento-30s
10374;06/09/2026;Pago;129,90;instagram;paid_social;teste-lookalike-1-compradoras;video-depoimento-30s
10375;07/09/2026;Pago;129,90;instagram;paid_social;prospeccao-mulheres-25-44-interesses-skincare;carrossel-antes-e-depois
10376;07/09/2026;Pago;129,90;facebook;paid_social;teste-lookalike-1-compradoras;video-depoimento-30s
10377;07/09/2026;Pago;129,90;facebook;paid_social;teste-lookalike-1-compradoras;video-depoimento-30s
10378;07/09/2026;Pago;129,90;instagram;paid_social;teste-lookalike-1-compradoras;video-depoimento-30s
10379;07/09/2026;Pago;129,90;instagram;paid_social;teste-lookalike-1-compradoras;imagem-kit-presente
10380;08/09/2026;Pago;259,80;instagram;paid_social;prospeccao-mulheres-25-44-interesses-skincare;video-depoimento-30s
10381;08/09/2026;Cancelado;259,80;instagram;paid_social;prospeccao-mulheres-25-44-interesses-skincare;video-depoimento-30s
10382;08/09/2026;Pago;129,90;instagram;paid_social;prospeccao-mulheres-25-44-interesses-skincare;video-depoimento-30s
10383;08/09/2026;Pago;129,90;facebook;paid_social;prospeccao-mulheres-25-44-interesses-skincare;carrossel-antes-e-depois
10384;09/09/2026;Pago;259,80;facebook;paid_social;prospeccao-mulheres-25-44-interesses-skincare;video-depoimento-30s
10385;09/09/2026;Pago;129,90;instagram;paid_social;prospeccao-mulheres-25-44-interesses-skincare;video-depoimento-30s
10386;09/09/2026;Pago;129,90;instagram;paid_social;prospeccao-mulheres-25-44-interesses-skincare;carrossel-antes-e-depois
10387;09/09/2026;Pago;129,90;instagram;paid_social;prospeccao-mulheres-25-44-interesses-skincare;imagem-oferta-31-off
10388;09/09/2026;Pago;129,90;instagram;paid_social;prospeccao-mulheres-25-44-interesses-skincare;imagem-oferta-31-off
10389;10/09/2026;Pago;129,90;instagram;paid_social;prospeccao-mulheres-25-44-interesses-skincare;video-depoimento-30s
10390;10/09/2026;Pago;129,90;instagram;paid_social;teste-lookalike-1-compradoras;video-depoimento-30s
10391;11/09/2026;Pago;129,90;instagram;paid_social;prospeccao-mulheres-25-44-interesses-skincare;video-depoimento-30s
10392;11/09/2026;Pago;129,90;facebook;paid_social;prospeccao-mulheres-25-44-interesses-skincare;carrossel-antes-e-depois
10393;11/09/2026;Pago;389,70;facebook;paid_social;remarketing-visitou-o-site-nos-ultimos-30-dias;video-como-usar
10394;11/09/2026;Pago;129,90;instagram;paid_social;remarketing-visitou-o-site-nos-ultimos-30-dias;video-como-usar
10395;11/09/2026;Pago;129,90;instagram;paid_social;teste-lookalike-1-compradoras;video-depoimento-30s
10396;11/09/2026;Pago;129,90;instagram;paid_social;teste-lookalike-1-compradoras;video-depoimento-30s
10397;12/09/2026;Pago;389,70;instagram;paid_social;prospeccao-mulheres-25-44-interesses-skincare;video-depoimento-30s
10398;12/09/2026;Pago;129,90;instagram;paid_social;remarketing-visitou-o-site-nos-ultimos-30-dias;video-como-usar
10399;12/09/2026;Pago;389,70;instagram;paid_social;remarketing-visitou-o-site-nos-ultimos-30-dias;video-como-usar
10400;13/09/2026;Cancelado;129,90;instagram;paid_social;prospeccao-mulheres-25-44-interesses-skincare;video-depoimento-30s
10401;13/09/2026;Pago;129,90;instagram;paid_social;prospeccao-mulheres-25-44-interesses-skincare;video-depoimento-30s
10402;13/09/2026;Pago;129,90;instagram;paid_social;remarketing-visitou-o-site-nos-ultimos-30-dias;imagem-ultima-chance
10403;13/09/2026;Pago;389,70;facebook;paid_social;teste-lookalike-1-compradoras;video-depoimento-30s
10404;13/09/2026;Pago;129,90;instagram;paid_social;teste-lookalike-1-compradoras;video-depoimento-30s
10405;13/09/2026;Pago;129,90;instagram;paid_social;teste-lookalike-1-compradoras;video-depoimento-30s
10406;14/09/2026;Pago;129,90;instagram;paid_social;prospeccao-mulheres-25-44-interesses-skincare;imagem-oferta-31-off
10407;14/09/2026;Pago;129,90;instagram;paid_social;remarketing-visitou-o-site-nos-ultimos-30-dias;video-como-usar
10408;14/09/2026;Pago;129,90;facebook;paid_social;teste-lookalike-1-compradoras;video-depoimento-30s
10409;14/09/2026;Pago;389,70;instagram;paid_social;teste-lookalike-1-compradoras;video-depoimento-30s
10410;15/09/2026;Pago;129,90;instagram;paid_social;prospeccao-mulheres-25-44-interesses-skincare;video-depoimento-30s
10411;15/09/2026;Pago;129,90;instagram;paid_social;prospeccao-mulheres-25-44-interesses-skincare;video-depoimento-30s
10412;15/09/2026;Pago;129,90;facebook;paid_social;prospeccao-mulheres-25-44-interesses-skincare;carrossel-antes-e-depois
10413;15/09/2026;Pago;129,90;instagram;paid_social;prospeccao-mulheres-25-44-interesses-skincare;imagem-oferta-31-off
10414;15/09/2026;Pago;259,80;instagram;paid_social;teste-lookalike-1-compradoras;video-depoimento-30s
10415;15/09/2026;Pago;259,80;instagram;paid_social;teste-lookalike-1-compradoras;video-depoimento-30s
10416;16/09/2026;Pago;129,90;facebook;paid_social;prospeccao-mulheres-25-44-interesses-skincare;video-depoimento-30s
10417;16/09/2026;Pago;259,80;instagram;paid_social;remarketing-visitou-o-site-nos-ultimos-30-dias;video-como-usar
10418;16/09/2026;Pago;129,90;instagram;paid_social;teste-lookalike-1-compradoras;video-depoimento-30s
10419;16/09/2026;Pago;129,90;instagram;paid_social;teste-lookalike-1-compradoras;video-depoimento-30s
10420;16/09/2026;Pago;129,90;instagram;paid_social;teste-lookalike-1-compradoras;video-depoimento-30s
10421;17/09/2026;Pago;129,90;facebook;paid_social;prospeccao-mulheres-25-44-interesses-skincare;video-depoimento-30s
10422;17/09/2026;Pago;129,90;instagram;paid_social;prospeccao-mulheres-25-44-interesses-skincare;imagem-oferta-31-off
10423;17/09/2026;Pago;129,90;instagram;paid_social;remarketing-visitou-o-site-nos-ultimos-30-dias;video-como-usar
10424;17/09/2026;Pago;129,90;facebook;paid_social;remarketing-visitou-o-site-nos-ultimos-30-dias;video-como-usar
10425;17/09/2026;Pago;389,70;instagram;paid_social;remarketing-visitou-o-site-nos-ultimos-30-dias;video-como-usar
10426;17/09/2026;Pago;259,80;instagram;paid_social;remarketing-visitou-o-site-nos-ultimos-30-dias;video-como-usar
10427;18/09/2026;Pago;129,90;instagram;paid_social;prospeccao-mulheres-25-44-interesses-skincare;video-depoimento-30s
10428;18/09/2026;Pago;259,80;facebook;paid_social;prospeccao-mulheres-25-44-interesses-skincare;video-depoimento-30s
10429;18/09/2026;Pago;259,80;facebook;paid_social;prospeccao-mulheres-25-44-interesses-skincare;video-depoimento-30s
10430;18/09/2026;Pago;129,90;facebook;paid_social;prospeccao-mulheres-25-44-interesses-skincare;carrossel-antes-e-depois
10431;18/09/2026;Pago;129,90;instagram;paid_social;prospeccao-mulheres-25-44-interesses-skincare;imagem-oferta-31-off
10432;18/09/2026;Pago;129,90;instagram;paid_social;remarketing-visitou-o-site-nos-ultimos-30-dias;video-como-usar
10433;19/09/2026;Pago;129,90;facebook;paid_social;prospeccao-mulheres-25-44-interesses-skincare;video-depoimento-30s
10434;19/09/2026;Pago;129,90;instagram;paid_social;prospeccao-mulheres-25-44-interesses-skincare;carrossel-antes-e-depois
10435;19/09/2026;Pago;129,90;instagram;paid_social;teste-lookalike-1-compradoras;video-depoimento-30s
10436;20/09/2026;Pago;129,90;facebook;paid_social;prospeccao-mulheres-25-44-interesses-skincare;video-depoimento-30s
10437;20/09/2026;Pago;129,90;instagram;paid_social;prospeccao-mulheres-25-44-interesses-skincare;carrossel-antes-e-depois
10438;20/09/2026;Pago;129,90;facebook;paid_social;remarketing-visitou-o-site-nos-ultimos-30-dias;video-como-usar
10439;20/09/2026;Pago;259,80;instagram;paid_social;remarketing-visitou-o-site-nos-ultimos-30-dias;video-como-usar
